Master Data Object,Type,Description,T-Code / Fiori App
Material Master,Master,"Details of materials used in procurement, production, and sales.","MM03 (GUI), Manage Product Master Data (Fiori)"
Vendor Master,Master,Details of suppliers and their business transactions.,"XK03 (GUI), Manage Supplier Master Data (Fiori)"
Purchase Info Record,Master,Stores purchasing-related details of materials and vendors.,ME13 (GUI)
Customer Master,Master,"Information about customers, including addresses and payment terms.","XD03, VD03 (GUI), Manage Customer Master Data (Fiori)"
Sales Pricing Conditions,Master,Defines pricing rules for sales transactions.,"VK13 (GUI), Manage Sales Prices (Fiori)"
Sales Order,Transactional,Record of a sales transaction between a company and a customer.,"VA03 (GUI), Track Sales Orders (Fiori)"
G/L Account Master,Master,General ledger account details used for financial reporting.,"FS00 (GUI), Manage G/L Account Master Data (Fiori)"
Bank Master,Master,Details of banks used for financial transactions.,"FI03 (GUI), Manage Banks (Fiori)"
Cost Center,Master,Defines areas where costs are tracked in an organization.,"KS03 (GUI), Manage Cost Centers (Fiori)"
Storage Bin Master,Master,Defines storage locations within a warehouse.,"LS03N (GUI), Manage Storage Bins (Fiori)"
Handling Unit,Transactional,Physical units in a warehouse used for logistics and shipping.,HU03 (GUI)
Bill of Materials (BOM),Master,Lists components required to manufacture a product.,"CS03 (GUI), Manage Bill of Materials (Fiori)"
Work Center,Master,Defines production workstations and capacities.,CR03 (GUI)
Routing,Master,Defines sequences of operations for production.,CA03 (GUI)
Employee Master,Master,"Employee information including personal, payroll, and organization details.","PA20 (GUI), Employee Central (Fiori)"
Company Code,Configuration,Legal entity for financial reporting.,OBY6 (GUI)
Plant,Configuration,Defines manufacturing or warehouse locations.,OX10 (GUI)
Sales Organization,Configuration,Represents a sales unit in SAP.,OVX5 (GUI)
Chart of Accounts,Configuration,Defines the structure for financial accounting.,OB13 (GUI)
